"Iteration","Method","TPR","FPR","MSE","Random_TPR","Random_FPR","gamma_mspe","opt_lambda_fixed","opt_lambda_random","re_var_x2","re_var_x3","glmmTMB_signal_collapse"
26,"glmmTMB",1,1,0.0296822070753833,NA,NA,0.0728848986398975,1.22508372483069,NA,NA,NA,FALSE
26,"Lin",1,0,0.0150675078906828,1,0,0.0407900444576396,2.5,5,0,0,NA
26,"Bondell",1,0,0.0217777889225556,1,1,0.0566093164860794,0.4,0.4,0.000920845534827896,0.00523309847259071,NA
