"Iteration","Method","TPR","FPR","MSE","Random_TPR","Random_FPR","gamma_mspe","opt_lambda_fixed","opt_lambda_random","re_var_x2","re_var_x3","glmmTMB_signal_collapse"
43,"glmmTMB",1,1,0.0330080340822244,NA,NA,0.0983030212633806,0.001,NA,NA,NA,FALSE
43,"Lin",1,0,0.00966705270756628,1,0.5,0.0520635554792877,2.5,0.1,0.00876323067423641,-0.000505897884051024,NA
43,"Bondell",1,0.2,0.0147274488597778,1,0.5,0.0612010634911133,0.4,0.4,0.00772550769823737,0,NA
