"Iteration","Method","TPR","FPR","MSE","Random_TPR","Random_FPR","gamma_mspe","opt_lambda_fixed","opt_lambda_random","re_var_x2","re_var_x3","glmmTMB_signal_collapse"
19,"glmmTMB",1,0.8,0.0223635059844613,NA,NA,0.0639438610143806,0.001,NA,NA,NA,FALSE
19,"Lin",0.666666666666667,0,0.0285069374801019,1,0.5,0.0739969298190233,10,2.5,0.00531918580241721,0,NA
19,"Bondell",1,0.2,0.00678924677355555,1,0.5,0.0316830371475862,0.4,0.4,0.005329577308321,0,NA
