"Iteration","Method","TPR","FPR","MSE","Random_TPR","Random_FPR","gamma_mspe","opt_lambda_fixed","opt_lambda_random","re_var_x2","re_var_x3","glmmTMB_signal_collapse"
6,"glmmTMB",1,1,0.00279470708200077,NA,NA,0.021851935763029,0.001,NA,NA,NA,FALSE
6,"Lin",1,0,0.000175923303401007,1,1,0.0297114114835279,2.5,0.1,0.0121213186371657,0.00259670936613775,NA
6,"Bondell",1,0.4,0.00051859378011111,1,0.5,0.0216213584053715,0.4,0.4,0.00820600708924927,0,NA
