"Iteration","Method","TPR","FPR","MSE","Random_TPR","Random_FPR","gamma_mspe","opt_lambda_fixed","opt_lambda_random","re_var_x2","re_var_x3","glmmTMB_signal_collapse"
10,"glmmTMB",1,1,0.00787072768443271,NA,NA,0.0316914238256131,0.001,NA,NA,NA,FALSE
10,"Lin",0.666666666666667,0,0.0278852342132833,1,1,0.0800399956961091,2.5,0.1,0.00434520148837878,0.00784659068476768,NA
10,"Bondell",1,0.2,0.013397655963,1,0,0.0429120340386754,0.4,0.4,0,0,NA
