"Iteration","Method","TPR","FPR","MSE","Random_TPR","Random_FPR","gamma_mspe","opt_lambda_fixed","opt_lambda_random","re_var_x2","re_var_x3","glmmTMB_signal_collapse"
34,"glmmTMB",1,1,0.0100545889588043,NA,NA,0.0302347480012135,0.0935955520254055,NA,NA,NA,FALSE
34,"Lin",0.666666666666667,0,0.0283011006275067,1,0.5,0.0697927958405641,10,2.5,0,0.00177266545072719,NA
34,"Bondell",1,0.2,0.00201402283266667,1,1,0.0194620527557603,0.4,0.4,0.00145324078100903,0.00624386707564204,NA
