"Iteration","Method","TPR","FPR","MSE","Random_TPR","Random_FPR","gamma_mspe","opt_lambda_fixed","opt_lambda_random","re_var_x2","re_var_x3","glmmTMB_signal_collapse"
4,"glmmTMB",1,1,0.00522739203153103,NA,NA,0.0252138399518414,0.001,NA,NA,NA,FALSE
4,"Lin",0.666666666666667,0,0.0297635751296891,1,0,0.101181449282155,10,1,-1.86344948607426e-05,-0.00207971911623436,NA
4,"Bondell",1,0.2,0.008209197855,1,0,0.0369873326651918,0.4,0.4,0,0,NA
