"Iteration","Method","TPR","FPR","MSE","Random_TPR","Random_FPR","gamma_mspe","opt_lambda_fixed","opt_lambda_random","re_var_x2","re_var_x3","glmmTMB_signal_collapse"
39,"glmmTMB",1,1,0.00642904899634799,NA,NA,0.0293437776851367,0.112775423252096,NA,NA,NA,FALSE
39,"Lin",1,0,0.00285557722895312,1,1,0.030617185483505,2.5,1,0.0115046951594425,0.00600686313561664,NA
39,"Bondell",1,0.2,0.000464422379888889,1,0.5,0.0230451704772054,0.4,0.4,0.00440915713199715,0,NA
