"Iteration","Method","TPR","FPR","MSE","Random_TPR","Random_FPR","gamma_mspe","opt_lambda_fixed","opt_lambda_random","re_var_x2","re_var_x3","glmmTMB_signal_collapse"
5,"glmmTMB",1,1,0.00569141636732398,NA,NA,0.0255824065776686,0.0935955520254055,NA,NA,NA,FALSE
5,"Lin",0.666666666666667,0,0.0306994320506606,1,1,0.0840218590954744,10,0.1,0.0141943062767339,0.0276317397487175,NA
5,"Bondell",1,0.2,0.0125964411565556,1,1,0.047067445558374,0.4,0.4,0.0124687166128136,0.0147027069151378,NA
