"Iteration","Method","TPR","FPR","MSE","Random_TPR","Random_FPR","gamma_mspe","opt_lambda_fixed","opt_lambda_random","re_var_x2","re_var_x3","glmmTMB_signal_collapse"
21,"glmmTMB",1,1,0.0075494858697635,NA,NA,0.0398272550133879,0.001,NA,NA,NA,FALSE
21,"Lin",1,0,0.00319543476198449,1,0.5,0.0341590946666029,1,0.1,0.00650516216778577,-0.00134258340166537,NA
21,"Bondell",1,0,0.00285792887477778,1,0.5,0.030563505040459,0.4,0.4,0.00684243553316351,0,NA
