"Iteration","Method","TPR","FPR","MSE","Random_TPR","Random_FPR","gamma_mspe","opt_lambda_fixed","opt_lambda_random","re_var_x2","re_var_x3","glmmTMB_signal_collapse"
22,"glmmTMB",1,1,0.0104553420256992,NA,NA,0.0412457392380953,1.22508372483069,NA,NA,NA,FALSE
22,"Lin",0.666666666666667,0,0.0281700009155174,1,0,0.0574174844812001,10,0.5,0,-0.00515045350641636,NA
22,"Bondell",1,0.2,0.00568994477966666,1,0,0.0231563686725269,0.4,0.4,0,0,NA
