"Iteration","Method","TPR","FPR","MSE","Random_TPR","Random_FPR","gamma_mspe","opt_lambda_fixed","opt_lambda_random","re_var_x2","re_var_x3","glmmTMB_signal_collapse"
3,"glmmTMB",1,1,0.0100030168585387,NA,NA,0.0321906220293291,1.22508372483069,NA,NA,NA,FALSE
3,"Lin",1,0,0.00174079133651582,1,0.5,0.036040091198471,2.5,0.1,-0.000292936528550195,0.00597467648600894,NA
3,"Bondell",1,0.2,0.000949457248666667,1,0.5,0.0238304253009756,0.4,0.4,0.00256145994776028,0,NA
