"Iteration","Method","TPR","FPR","MSE","Random_TPR","Random_FPR","gamma_mspe","opt_lambda_fixed","opt_lambda_random","re_var_x2","re_var_x3","glmmTMB_signal_collapse"
45,"glmmTMB",1,1,0.00162391800615489,NA,NA,0.0184330654591754,0.001,NA,NA,NA,FALSE
45,"Lin",0.666666666666667,0,0.0282418564161958,1,0,0.0738100706175626,10,0.5,-0.00096302715168246,-0.000838616789180134,NA
45,"Bondell",1,0.4,0.00290676035088889,1,0,0.0196961293652708,0.4,0.4,0,0,NA
