"Iteration","Method","TPR","FPR","MSE","Random_TPR","Random_FPR","gamma_mspe","opt_lambda_fixed","opt_lambda_random","re_var_x2","re_var_x3","glmmTMB_signal_collapse"
1,"glmmTMB",1,1,0.010899502704364,NA,NA,0.0403639642457134,1.22508372483069,NA,NA,NA,FALSE
1,"Lin",1,0,0.00589883750374015,1,0.5,0.0329512758730912,2.5,0.5,-0.000918188653538207,0.00663156278621448,NA
1,"Bondell",1,0.4,0.00762738465111111,1,0.5,0.035420749131569,0.4,0.4,0.00650063671407484,0,NA
