"Iteration","Method","TPR","FPR","MSE","Random_TPR","Random_FPR","gamma_mspe","opt_lambda_fixed","opt_lambda_random","re_var_x2","re_var_x3","glmmTMB_signal_collapse"
42,"glmmTMB",1,1,0.0673454514993668,NA,NA,0.16720735000835,6.11816872991646,NA,NA,NA,FALSE
42,"Lin",0.666666666666667,0,0.028369670435571,1,0.5,0.0891990705787967,10,0.1,0.0025188784309533,-0.00661026933156447,NA
42,"Bondell",0.666666666666667,0.4,0.0474532566358889,1,0.5,0.127304167050622,0.4,0.4,0.000874886380053509,0,NA
