"Iteration","Method","TPR","FPR","MSE","Random_TPR","Random_FPR","gamma_mspe","opt_lambda_fixed","opt_lambda_random","re_var_x2","re_var_x3","glmmTMB_signal_collapse"
33,"glmmTMB",1,1,0.00230663366485655,NA,NA,0.0234680498454388,0.001,NA,NA,NA,FALSE
33,"Lin",1,0,0.000671626841499865,1,0,0.0242294282784464,5,2.5,-2.2054782842264e-05,0,NA
33,"Bondell",1,0.2,0.000757847167777778,1,0.5,0.0244750569920096,0.4,0.4,0.0153355620575374,0,NA
