"Iteration","Method","TPR","FPR","MSE","Random_TPR","Random_FPR","gamma_mspe","opt_lambda_fixed","opt_lambda_random","re_var_x2","re_var_x3","glmmTMB_signal_collapse"
38,"glmmTMB",1,1,0.00161331307079398,NA,NA,0.023639183094477,1.22508372483069,NA,NA,NA,FALSE
38,"Lin",1,0,0.0101764759621028,1,0,0.0518873062395929,5,1,-0.000127046146348391,-2.74912706986644e-05,NA
38,"Bondell",1,0.4,0.000578609934888889,1,0,0.0236207801360298,0.4,0.4,0,0,NA
