"Iteration","Method","TPR","FPR","MSE","Random_TPR","Random_FPR","gamma_mspe","opt_lambda_fixed","opt_lambda_random","re_var_x2","re_var_x3","glmmTMB_signal_collapse"
20,"glmmTMB",1,1,0.0026472819790893,NA,NA,0.0291673638195632,1.22508372483069,NA,NA,NA,FALSE
20,"Lin",1,0,0.00466476833998684,1,0.5,0.0403541734965357,2.5,1,0,0.00224447479858513,NA
20,"Bondell",1,0.2,0.00190278645355555,1,0.5,0.0296078807581845,0.4,0.4,0.00186502038185553,0,NA
