"Iteration","Method","TPR","FPR","MSE","Random_TPR","Random_FPR","gamma_mspe","opt_lambda_fixed","opt_lambda_random","re_var_x2","re_var_x3","glmmTMB_signal_collapse","glmmTMB_collapsed_vars"
27,"glmmTMB",1,0.8,0.0503219923648211,NA,NA,0.131485946997106,15.8158385678152,NA,NA,NA,FALSE,""
27,"Lin",0.666666666666667,0,0.0453357410141685,1,0.5,0.124978021559698,2.5,2.5,0,0.0149225963268605,NA,NA
27,"Bondell",0.666666666666667,0,0.0453647954033333,1,1,0.125658728578253,0.4,0.4,0.000437987759368549,0.0183975337510285,NA,NA
