"Iteration","Method","TPR","FPR","MSE","Random_TPR","Random_FPR","gamma_mspe","opt_lambda_fixed","opt_lambda_random","re_var_x2","re_var_x3","glmmTMB_signal_collapse","glmmTMB_collapsed_vars"
35,"glmmTMB",1,0.8,0.0164202813880302,NA,NA,0.0385355121203959,1.22508372483069,NA,NA,NA,FALSE,""
35,"Lin",0.666666666666667,0,0.0280165567032427,1,0.5,0.0543221256377668,10,0.1,-0.00355074442003506,0.00604294402391599,NA,NA
35,"Bondell",1,0.2,0.0101977475767778,1,0.5,0.0242108493461313,0.4,0.4,0,0.00202347576999391,NA,NA
