"Iteration","Method","TPR","FPR","MSE","Random_TPR","Random_FPR","gamma_mspe","opt_lambda_fixed","opt_lambda_random","re_var_x2","re_var_x3","glmmTMB_signal_collapse","glmmTMB_collapsed_vars"
23,"glmmTMB",1,1,0.0122762564602816,NA,NA,0.0482568580729297,1.22508372483069,NA,NA,NA,FALSE,""
23,"Lin",0.666666666666667,0,0.0290749747449352,1,1,0.0773405062499783,10,0.1,0.0167620730884455,0.0028828843606019,NA,NA
23,"Bondell",1,0.4,0.00446575359133333,1,0.5,0.0311039792142945,0.4,0.4,0.00249999677334867,0,NA,NA
