"Iteration","Method","TPR","FPR","MSE","Random_TPR","Random_FPR","gamma_mspe","opt_lambda_fixed","opt_lambda_random","re_var_x2","re_var_x3","glmmTMB_signal_collapse","glmmTMB_collapsed_vars"
28,"glmmTMB",0.666666666666667,0.4,0.0409964842346388,NA,NA,0.109356825081176,20.6184125759897,NA,NA,NA,TRUE,"x1"
28,"Lin",0.666666666666667,0,0.02924254723457,1,0,0.082221832527635,5,1,0,-0.000653030285738719,NA,NA
28,"Bondell",0.666666666666667,0.2,0.0329689000704444,1,0,0.0899946931756129,0.4,0.4,0,0,NA,NA
