"Iteration","Method","TPR","FPR","MSE","Random_TPR","Random_FPR","gamma_mspe","opt_lambda_fixed","opt_lambda_random","re_var_x2","re_var_x3","glmmTMB_signal_collapse","glmmTMB_collapsed_vars"
44,"glmmTMB",1,1,0.00325169810130933,NA,NA,0.0280706299257424,0.001,NA,NA,NA,FALSE,""
44,"Lin",0.666666666666667,0,0.028631026746791,1,1,0.080240116740669,5,1,0.0025249368788421,0.00851184114415358,NA,NA
44,"Bondell",1,0,0.000510004550888889,1,1,0.0239002437660404,0.4,0.4,0.00293682702634297,0.00471294835450072,NA,NA
