"Iteration","Method","TPR","FPR","MSE","Random_TPR","Random_FPR","gamma_mspe","opt_lambda_fixed","opt_lambda_random","re_var_x2","re_var_x3","glmmTMB_signal_collapse","glmmTMB_collapsed_vars"
4,"glmmTMB",0.666666666666667,0.8,0.0285703822501059,NA,NA,0.0825681435846316,20.6184125759897,NA,NA,NA,TRUE,"x1"
4,"Lin",0.666666666666667,0,0.0279008865860592,1,0.5,0.090718758212608,2.5,0.5,-0.000259541881973942,0.00710356880335471,NA,NA
4,"Bondell",1,0.4,0.0254973562282222,1,0.5,0.0772377884747796,0.4,0.4,0.00176719058750152,0,NA,NA
