"Iteration","Method","TPR","FPR","MSE","Random_TPR","Random_FPR","gamma_mspe","opt_lambda_fixed","opt_lambda_random","re_var_x2","re_var_x3","glmmTMB_signal_collapse","glmmTMB_collapsed_vars"
1,"glmmTMB",0.666666666666667,0.8,0.0555993384521347,NA,NA,0.110030501470977,15.8158385678152,NA,NA,NA,TRUE,"x1"
1,"Lin",0.666666666666667,0,0.0282017381368177,1,1,0.0744021095700904,10,1,0.00530299880180948,0.0496717920042512,NA,NA
1,"Bondell",0.666666666666667,0,0.0359555566072222,1,0,0.0672221182497264,0.2,0.2,0,0,NA,NA
