"Iteration","Method","TPR","FPR","MSE","Random_TPR","Random_FPR","gamma_mspe","opt_lambda_fixed","opt_lambda_random","re_var_x2","re_var_x3","glmmTMB_signal_collapse","glmmTMB_collapsed_vars"
50,"glmmTMB",1,0.8,0.012542689812708,NA,NA,0.0495224428927458,0.001,NA,NA,NA,FALSE,""
50,"Lin",1,0,0.00116317287142017,1,0.5,0.0437913651903941,5,0.1,-0.00415900015366452,0.011182904259051,NA,NA
50,"Bondell",1,0,0.00120255711544444,1,1,0.0367690155179903,0.4,0.4,0.00926253575381496,0.0039055730902935,NA,NA
