"Iteration","Method","TPR","FPR","MSE","Random_TPR","Random_FPR","gamma_mspe","opt_lambda_fixed","opt_lambda_random","re_var_x2","re_var_x3","glmmTMB_signal_collapse","glmmTMB_collapsed_vars"
42,"glmmTMB",0.666666666666667,0.6,0.0295578010515665,NA,NA,0.0922388532237236,20.6184125759897,NA,NA,NA,TRUE,"x1"
42,"Lin",0.666666666666667,0,0.0278612580789931,1,0.5,0.0931936382695776,1,0.1,-0.00455761639118349,0.00705427643542315,NA,NA
42,"Bondell",0.666666666666667,0,0.0334539677258889,1,0,0.0889895035640956,0.2,0.2,0,0,NA,NA
