"Iteration","Method","TPR","FPR","MSE","Random_TPR","Random_FPR","gamma_mspe","opt_lambda_fixed","opt_lambda_random","re_var_x2","re_var_x3","glmmTMB_signal_collapse","glmmTMB_collapsed_vars"
13,"glmmTMB",0.666666666666667,1,0.0285595575474334,NA,NA,0.0773116692858099,20.6184125759897,NA,NA,NA,TRUE,"x1"
13,"Lin",0.666666666666667,0,0.0282635106264965,1,0,0.0768378276821154,2.5,2.5,0,0,NA,NA
13,"Bondell",0.666666666666667,0.6,0.0284442746826667,1,0,0.0763751870978234,0.4,0.4,0,0,NA,NA
