"Iteration","Method","TPR","FPR","MSE","Random_TPR","Random_FPR","gamma_mspe","opt_lambda_fixed","opt_lambda_random","re_var_x2","re_var_x3","glmmTMB_signal_collapse","glmmTMB_collapsed_vars"
48,"glmmTMB",0.666666666666667,1,0.0395029542773801,NA,NA,0.0884482935894002,6.11816872991646,NA,NA,NA,TRUE,"x1"
48,"Lin",0.666666666666667,0,0.0280468065524449,1,0,0.0714376668914542,5,0.1,-0.000877190929564341,-0.0124473984883163,NA,NA
48,"Bondell",0.666666666666667,0.4,0.029461771942,1,0,0.0646505162625308,0.4,0.4,0,0,NA,NA
