"Iteration","Method","TPR","FPR","MSE","Random_TPR","Random_FPR","gamma_mspe","opt_lambda_fixed","opt_lambda_random","re_var_x2","re_var_x3","glmmTMB_signal_collapse","glmmTMB_collapsed_vars"
37,"glmmTMB",0.666666666666667,0.4,0.0397686021704183,NA,NA,0.103240184522595,54.7540494343068,NA,NA,NA,TRUE,"x1"
37,"Lin",0.666666666666667,0,0.0281738288637357,1,1,0.0890207628778903,5,0.1,0.00432648966659813,0.0333270263813334,NA,NA
37,"Bondell",1,0.2,0.0104590371878889,1,0.5,0.0475895732622086,0.4,0.4,0,0.0094935358526545,NA,NA
