"Iteration","Method","TPR","FPR","MSE","Random_TPR","Random_FPR","gamma_mspe","opt_lambda_fixed","opt_lambda_random","re_var_x2","re_var_x3","glmmTMB_signal_collapse","glmmTMB_collapsed_vars"
22,"glmmTMB",1,1,0.0229289802363148,NA,NA,0.0611042366200853,0.001,NA,NA,NA,FALSE,""
22,"Lin",0.666666666666667,0,0.0278995984478123,1,1,0.0830228392903595,10,1,0.0109622545768732,0.0114398921089373,NA,NA
22,"Bondell",0.666666666666667,0.4,0.032015330133,1,0.5,0.0789320113065046,0.4,0.4,0.00273264023758856,0,NA,NA
