"Iteration","Method","TPR","FPR","MSE","Random_TPR","Random_FPR","gamma_mspe","opt_lambda_fixed","opt_lambda_random","re_var_x2","re_var_x3","glmmTMB_signal_collapse","glmmTMB_collapsed_vars"
19,"glmmTMB",1,1,0.00696359167939886,NA,NA,0.047506747313736,1.22508372483069,NA,NA,NA,FALSE,""
19,"Lin",0.666666666666667,0,0.0280599733080875,1,0,0.0820557891001733,5,0.5,-0.000327994796240071,-0.000249225594143256,NA,NA
19,"Bondell",1,0.6,0.00591907624055556,1,0,0.0417222890154382,0.4,0.4,0,0,NA,NA
