"Iteration","Method","TPR","FPR","MSE","Random_TPR","Random_FPR","gamma_mspe","opt_lambda_fixed","opt_lambda_random","re_var_x2","re_var_x3","glmmTMB_signal_collapse","glmmTMB_collapsed_vars"
41,"glmmTMB",1,1,0.00898974057558312,NA,NA,0.0284082182771332,1.22508372483069,NA,NA,NA,FALSE,""
41,"Lin",0.666666666666667,0,0.028277126760252,1,0.5,0.076075036783321,5,0.1,-0.00422213493541349,0.00113319362797272,NA,NA
41,"Bondell",1,0.6,0.0141364985914444,1,0.5,0.0396940178204241,0.4,0.4,0.00214968640550165,0,NA,NA
