"Iteration","Method","TPR","FPR","MSE","Random_TPR","Random_FPR","gamma_mspe","opt_lambda_fixed","opt_lambda_random","re_var_x2","re_var_x3","glmmTMB_signal_collapse","glmmTMB_collapsed_vars"
7,"glmmTMB",0.666666666666667,0.6,0.0298764478627086,NA,NA,0.089587083987818,20.6184125759897,NA,NA,NA,TRUE,"x1"
7,"Lin",0.666666666666667,0,0.0279798467932894,1,0.5,0.0979457086832702,2.5,0.1,-0.00219530126349956,0.0553004466613729,NA,NA
7,"Bondell",0.666666666666667,0,0.0341530094912222,1,0,0.0744129517655478,0.2,0.2,0,0,NA,NA
