"Iteration","Method","TPR","FPR","MSE","Random_TPR","Random_FPR","gamma_mspe","opt_lambda_fixed","opt_lambda_random","re_var_x2","re_var_x3","glmmTMB_signal_collapse","glmmTMB_collapsed_vars"
17,"glmmTMB",0.666666666666667,0.4,0.0317300688773088,NA,NA,0.0914506107308016,20.6184125759897,NA,NA,NA,TRUE,"x1"
17,"Lin",0.666666666666667,0,0.0284650344902442,1,1,0.0911894465240422,1,0.1,0.00496770319534774,0.0112038031740781,NA,NA
17,"Bondell",0.666666666666667,0,0.0304739275842222,1,0,0.0877627614028494,0.2,0.2,0,0,NA,NA
