"Iteration","Method","TPR","FPR","MSE","Random_TPR","Random_FPR","gamma_mspe","opt_lambda_fixed","opt_lambda_random","re_var_x2","re_var_x3","glmmTMB_signal_collapse","glmmTMB_collapsed_vars"
2,"glmmTMB",1,1,0.0129012416031417,NA,NA,0.0551175140547612,0.112775423252096,NA,NA,NA,FALSE,""
2,"Lin",1,0,0.00136200799870191,1,0.5,0.0295984336909378,2.5,0.1,0.00624749681985246,-0.0031811054793983,NA,NA
2,"Bondell",1,0,0.00605859331411111,1,0.5,0.0373822816530511,0.4,0.4,0.00502722856362317,0,NA,NA
