"Iteration","Method","TPR","FPR","MSE","Random_TPR","Random_FPR","gamma_mspe","opt_lambda_fixed","opt_lambda_random","re_var_x2","re_var_x3","glmmTMB_signal_collapse","glmmTMB_collapsed_vars"
36,"glmmTMB",1,1,0.0312449948405361,NA,NA,0.0674903051510654,15.8158385678152,NA,NA,NA,FALSE,""
36,"Lin",0.666666666666667,0,0.0295718715008889,1,0.5,0.0799286101022133,5,0.1,0.0502988136625996,-0.0038097646640306,NA,NA
36,"Bondell",1,0.4,0.0230056718535556,1,0.5,0.0613261987514229,0.4,0.4,0.0334307580917093,0,NA,NA
