"Iteration","Method","TPR","FPR","MSE","Random_TPR","Random_FPR","gamma_mspe","opt_lambda_fixed","opt_lambda_random","re_var_x2","re_var_x3","glmmTMB_signal_collapse","glmmTMB_collapsed_vars"
46,"glmmTMB",0.666666666666667,1,0.0367582943490461,NA,NA,0.0771549406580358,41.6788149189533,NA,NA,NA,TRUE,"x1"
46,"Lin",0.666666666666667,0,0.0279473600731206,1,0.5,0.0718964947619487,5,0.1,-0.00261466081572339,0.0513876124790729,NA,NA
46,"Bondell",1,0.2,0.0282817114214444,1,1,0.0682267216264253,0.4,0.4,0.00271204539281862,0.0288831736572798,NA,NA
