"Iteration","Method","TPR","FPR","MSE","Random_TPR","Random_FPR","gamma_mspe","opt_lambda_fixed","opt_lambda_random","re_var_x2","re_var_x3","glmmTMB_signal_collapse","glmmTMB_collapsed_vars"
6,"glmmTMB",1,1,0.00231742821055198,NA,NA,0.0313243419882644,1.22508372483069,NA,NA,NA,FALSE,""
6,"Lin",0.666666666666667,0,0.0307865902736033,1,0.5,0.0849047837909138,10,0.5,0.0225377838752456,-0.00728949829622095,NA,NA
6,"Bondell",1,0.2,0.00101575127511111,1,0.5,0.0314456405037025,0.4,0.4,0.00956278874202306,0,NA,NA
