"Iteration","Method","TPR","FPR","MSE","Random_TPR","Random_FPR","gamma_mspe","opt_lambda_fixed","opt_lambda_random","re_var_x2","re_var_x3","glmmTMB_signal_collapse","glmmTMB_collapsed_vars"
11,"glmmTMB",1,1,0.0131469542775341,NA,NA,0.0421928536441464,0.001,NA,NA,NA,FALSE,""
11,"Lin",0.666666666666667,0,0.0284680565469788,1,1,0.08676751897393,5,0.5,0.0346446707629537,0.00212573150449333,NA,NA
11,"Bondell",1,0.4,0.0245139851567778,1,0.5,0.0724184609544057,0.4,0.4,0.00637895180757233,0,NA,NA
