"Iteration","Method","TPR","FPR","MSE","Random_TPR","Random_FPR","gamma_mspe","opt_lambda_fixed","opt_lambda_random","re_var_x2","re_var_x3","glmmTMB_signal_collapse","glmmTMB_collapsed_vars"
38,"glmmTMB",1,1,0.00507814591531777,NA,NA,0.0253763980232292,0.001,NA,NA,NA,FALSE,""
38,"Lin",0.666666666666667,0,0.0283225878889608,1,0.5,0.0734000853794625,5,0.1,0.00738958664419771,-0.00229416028676523,NA,NA
38,"Bondell",1,0.4,0.0107084334006667,1,0.5,0.0366811745017984,0.4,0.4,0.0059226425098758,0,NA,NA
