"Iteration","Method","TPR","FPR","MSE"
1,"glmmTMB",0,0,NA
1,"Lin",1,0,0.00911246053737875
1,"Bondell",1,0,0.00937113683444444
2,"glmmTMB",0,0,NA
2,"Lin",1,0,0.00259933341152536
2,"Bondell",1,0.2,0.009247613393
