"Iteration","Method","TPR","FPR","MSE","Random_TPR","Random_FPR","gamma_mspe","opt_lambda_fixed","opt_lambda_random","re_var_x2","re_var_x3","glmmTMB_signal_collapse","glmmTMB_collapsed_vars"
48,"glmmTMB",1,1,0.0140816238064817,NA,NA,0.0415545764228409,1.22508372483069,NA,NA,NA,FALSE,""
48,"Lin",0.666666666666667,0,0.0285680072276254,1,0.5,0.108161696215708,10,0.5,0.0126779207555186,-0.000761225904942796,NA,NA
48,"Bondell",1,0.2,0.00120173884922222,1,0.5,0.0261664217541207,0.4,0.4,0.00449459412931719,0,NA,NA
