"Iteration","Method","TPR","FPR","MSE","Random_TPR","Random_FPR","gamma_mspe","opt_lambda_fixed","opt_lambda_random","re_var_x2","re_var_x3","glmmTMB_signal_collapse","glmmTMB_collapsed_vars"
12,"glmmTMB",1,1,0.0023209389328058,NA,NA,0.0209247836111632,1.22508372483069,NA,NA,NA,FALSE,""
12,"Lin",1,0,0.00416718659056252,1,0,0.0285506767052048,2.5,0.1,-0.00490386747237205,-0.000279068264342648,NA,NA
12,"Bondell",1,0.2,0.00160551028077778,1,0.5,0.019708441756242,0.4,0.4,0.0027972187326186,0,NA,NA
