"Iteration","Method","TPR","FPR","MSE","Random_TPR","Random_FPR","gamma_mspe","opt_lambda_fixed","opt_lambda_random","re_var_x2","re_var_x3","glmmTMB_signal_collapse","glmmTMB_collapsed_vars"
44,"glmmTMB",0.666666666666667,0.8,0.0293977436140389,NA,NA,0.0813939363620364,20.6184125759897,NA,NA,NA,TRUE,"x1"
44,"Lin",0.666666666666667,0,0.028950923078421,1,0.5,0.0808441859806533,10,2.5,0.000390783683364703,0,NA,NA
44,"Bondell",1,0.4,0.0185429055071111,1,0,0.0572631783938609,0.4,0.4,0,0,NA,NA
