"Iteration","Method","TPR","FPR","MSE","Random_TPR","Random_FPR","gamma_mspe","opt_lambda_fixed","opt_lambda_random","re_var_x2","re_var_x3","glmmTMB_signal_collapse","glmmTMB_collapsed_vars"
9,"glmmTMB",1,0.6,0.0294194632124034,NA,NA,0.0700780489877462,20.6184125759897,NA,NA,NA,FALSE,""
9,"Lin",0.666666666666667,0,0.0290793158535786,1,1,0.0746878778707711,5,0.1,0.0179796117094436,0.00906785477527296,NA,NA
9,"Bondell",1,0.2,0.00593026122255555,1,0.5,0.028672509936488,0.4,0.4,0.00720704259090643,0,NA,NA
