"Iteration","Method","TPR","FPR","MSE","Random_TPR","Random_FPR","gamma_mspe","opt_lambda_fixed","opt_lambda_random","re_var_x2","re_var_x3","glmmTMB_signal_collapse","glmmTMB_collapsed_vars"
16,"glmmTMB",1,1,0.0483111131125628,NA,NA,0.105009662615822,6.11816872991646,NA,NA,NA,FALSE,""
16,"Lin",0.666666666666667,0,0.0284991500452279,1,0.5,0.0702100233430145,5,2.5,0,0.000266081482650731,NA,NA
16,"Bondell",0.666666666666667,0.2,0.0385416672994445,1,1,0.0911386215078081,0.4,0.4,0.00220042795772984,0.00853757696136907,NA,NA
