"Iteration","Method","TPR","FPR","MSE","Random_TPR","Random_FPR","gamma_mspe","opt_lambda_fixed","opt_lambda_random","re_var_x2","re_var_x3","glmmTMB_signal_collapse","glmmTMB_collapsed_vars"
40,"glmmTMB",1,1,0.017164304374382,NA,NA,0.04112459388058,1.22508372483069,NA,NA,NA,FALSE,""
40,"Lin",1,0.2,0.00193615138694659,1,0.5,0.0218952234258716,2.5,0.5,-0.000353717708148824,0.0055893099403949,NA,NA
40,"Bondell",1,0.2,0.00220635867,1,1,0.0204570783936444,0.4,0.4,0.00776962963004292,0.00531204507568699,NA,NA
