"Iteration","Method","TPR","FPR","MSE","Random_TPR","Random_FPR","gamma_mspe","opt_lambda_fixed","opt_lambda_random","re_var_x2","re_var_x3","glmmTMB_signal_collapse","glmmTMB_collapsed_vars"
7,"glmmTMB",0.666666666666667,0.6,0.0287880743774139,NA,NA,0.0900750521274038,20.6184125759897,NA,NA,NA,TRUE,"x1"
7,"Lin",0.666666666666667,0,0.0293838783267799,1,0,0.0968777739350092,2.5,0.1,-0.0149384020725223,0,NA,NA
7,"Bondell",0.666666666666667,0.6,0.0297448398315556,1,0,0.0910232218324446,0.4,0.4,0,0,NA,NA
