"Iteration","Method","TPR","FPR","MSE","Random_TPR","Random_FPR","gamma_mspe","opt_lambda_fixed","opt_lambda_random","re_var_x2","re_var_x3","glmmTMB_signal_collapse","glmmTMB_collapsed_vars"
43,"glmmTMB",1,1,0.00448057090599746,NA,NA,0.0187805400360826,0.001,NA,NA,NA,FALSE,""
43,"Lin",0.666666666666667,0,0.0280357909316882,1,1,0.0774372766362933,10,0.1,0.0147738408292828,0.00797054142343317,NA,NA
43,"Bondell",1,0.2,0.00334658647055555,1,0.5,0.0226101172757119,0.4,0.4,0.00461751973078565,0,NA,NA
