"Iteration","Method","TPR","FPR","MSE","Random_TPR","Random_FPR","gamma_mspe","opt_lambda_fixed","opt_lambda_random","re_var_x2","re_var_x3","glmmTMB_signal_collapse","glmmTMB_collapsed_vars"
45,"glmmTMB",1,1,0.0053520201003263,NA,NA,0.0281091233141632,0.971000224804935,NA,NA,NA,FALSE,""
45,"Lin",0.666666666666667,0,0.0279323382588336,1,1,0.0718700192556634,5,0.5,0.029604988875024,0.00908042695820861,NA,NA
45,"Bondell",1,0.4,0.00693429842155556,1,0.5,0.0313591350463935,0.4,0.4,0.00577927078003405,0,NA,NA
