"Iteration","Method","TPR","FPR","MSE","Random_TPR","Random_FPR","gamma_mspe","opt_lambda_fixed","opt_lambda_random","re_var_x2","re_var_x3","glmmTMB_signal_collapse","glmmTMB_collapsed_vars"
15,"glmmTMB",1,1,0.00895174345642788,NA,NA,0.0598391198932022,1.22508372483069,NA,NA,NA,FALSE,""
15,"Lin",1,0,0.00247116002613592,1,1,0.036564562758368,2.5,0.1,0.00698423832012745,0.0012452385903543,NA,NA
15,"Bondell",1,0.2,0.000633154287888889,1,0.5,0.0322891762501325,0.4,0.4,0,0.00266262051528776,NA,NA
