"Iteration","Method","TPR","FPR","MSE","Random_TPR","Random_FPR","gamma_mspe","opt_lambda_fixed","opt_lambda_random","re_var_x2","re_var_x3","glmmTMB_signal_collapse","glmmTMB_collapsed_vars"
14,"glmmTMB",1,1,0.0347361032880879,NA,NA,0.0949706007799309,6.11816872991646,NA,NA,NA,FALSE,""
14,"Lin",0.666666666666667,0,0.0284509132396142,1,0.5,0.0862267733735111,2.5,0.5,0.00911295252998241,-0.000432321922251003,NA,NA
14,"Bondell",0.666666666666667,0.2,0.0304064158167778,1,0.5,0.0846278051827592,0.4,0.4,0.00249532923598063,0,NA,NA
