"Iteration","Method","TPR","FPR","MSE","Random_TPR","Random_FPR","gamma_mspe","opt_lambda_fixed","opt_lambda_random","re_var_x2","re_var_x3","glmmTMB_signal_collapse","glmmTMB_collapsed_vars"
4,"glmmTMB",0.666666666666667,0.4,0.0317543299270314,NA,NA,0.0814959483057155,15.8158385678152,NA,NA,NA,TRUE,"x1"
4,"Lin",0.666666666666667,0,0.027822986756334,1,0.5,0.0730135727198377,0.5,1,0,0.00770570460076772,NA,NA
4,"Bondell",0.666666666666667,0,0.033490422713,1,0,0.0712448973115365,0.2,0.2,0,0,NA,NA
