"Iteration","Method","TPR","FPR","MSE","Random_TPR","Random_FPR","gamma_mspe","opt_lambda_fixed","opt_lambda_random","re_var_x2","re_var_x3","glmmTMB_signal_collapse","glmmTMB_collapsed_vars"
2,"glmmTMB",0.666666666666667,0.8,0.0488008939233267,NA,NA,0.103988137007286,20.6184125759897,NA,NA,NA,TRUE,"x1"
2,"Lin",0.666666666666667,0,0.0288055624557602,1,0.5,0.0641124046945592,10,0.1,-0.0029024746263801,0.0276216104968616,NA,NA
2,"Bondell",0.666666666666667,0.2,0.0380852245255556,1,0,0.0798268751985483,0.4,0.4,0,0,NA,NA
