"Iteration","Method","TPR","FPR","MSE","Random_TPR","Random_FPR","gamma_mspe","opt_lambda_fixed","opt_lambda_random","re_var_x2","re_var_x3","glmmTMB_signal_collapse","glmmTMB_collapsed_vars"
10,"glmmTMB",0.666666666666667,0.4,0.0320832050922788,NA,NA,0.063645538662394,20.6184125759897,NA,NA,NA,TRUE,"x1"
10,"Lin",0.666666666666667,0,0.0284687890874938,1,0.5,0.0595783147354975,2.5,2.5,0,0.00369952454496846,NA,NA
10,"Bondell",1,0,0.0192256683848889,1,0.5,0.0459029325326563,0.4,0.4,0,0.0137871213970232,NA,NA
