"Iteration","Method","TPR","FPR","MSE","Random_TPR","Random_FPR","gamma_mspe","opt_lambda_fixed","opt_lambda_random","re_var_x2","re_var_x3","glmmTMB_signal_collapse","glmmTMB_collapsed_vars"
49,"glmmTMB",0.666666666666667,0.8,0.0327784065344322,NA,NA,0.10285834667837,15.8158385678152,NA,NA,NA,TRUE,"x1"
49,"Lin",0.666666666666667,0,0.0290561135811095,1,0,0.0967975625830323,2.5,2.5,0,0,NA,NA
49,"Bondell",0.666666666666667,0.4,0.0288227982617778,1,0.5,0.0958128318488392,0.4,0.4,0.00544034357260354,0,NA,NA
