"Iteration","Method","TPR","FPR","MSE","Random_TPR","Random_FPR","gamma_mspe","opt_lambda_fixed","opt_lambda_random","re_var_x2","re_var_x3","glmmTMB_signal_collapse","glmmTMB_collapsed_vars"
18,"glmmTMB",0.666666666666667,0.8,0.046880383870146,NA,NA,0.137102641816498,20.6184125759897,NA,NA,NA,TRUE,"x1"
18,"Lin",0.666666666666667,0,0.0284409979322828,1,0.5,0.104966346448401,10,0.1,0.0205469827238959,-0.00242819426526822,NA,NA
18,"Bondell",0.666666666666667,0.2,0.0392256447071111,1,0.5,0.127701079634448,0.4,0.4,0.0108603246781552,0,NA,NA
