"Iteration","Method","TPR","FPR","MSE","Random_TPR","Random_FPR","gamma_mspe","opt_lambda_fixed","opt_lambda_random","re_var_x2","re_var_x3","glmmTMB_signal_collapse","glmmTMB_collapsed_vars"
24,"glmmTMB",0.666666666666667,0.6,0.0322106592618797,NA,NA,0.103722102581839,15.8158385678152,NA,NA,NA,TRUE,"x1"
24,"Lin",0.666666666666667,0,0.0284939723863986,1,1,0.0981909978178953,2.5,0.1,0.0272022577165712,0.00422460986665598,NA,NA
24,"Bondell",0.666666666666667,0,0.0356544594435556,1,0,0.0949700754341055,0.2,0.2,0,0,NA,NA
